"","FOXM1","MYBL2","OTX2"
"1",3.42571262040981,0.868284393839793,-1.81747953870413
