"IRF3","MYOD1","NCOA2","NR2F1"
3.95485866684819,0.98647441291566,1.29967223364204,2.98656807153296
