XMetab__447145___c____,XMetab__51___e____,XMetab__51___m____,XMetab__51___c____,XMetab__6083___c____,XMetab__5960___c____,XMetab__5960___m____,XMetab__5960___e____,XMetab__439829___m____,XMetab__9750___m____,XMetab__9750___e____,XMetab__9750___c____,XMetab__588___m____,XMetab__588___c____,XMetab__588___e____,XMetab__444972___m____,XMetab__444972___c____,XMetab__5961___e____,XMetab__5961___m____,XMetab__5961___c____,XMetab__124886___c____,XMetab__65359___m____,XMetab__65359___c____,XMetab__169235___m____,XMetab__6262___m____,XMetab__6262___e____,XMetab__6262___c____,XMetab__107738___m____,XMetab__1060___m____,XMetab__1060___x____,XMetab__1060___c____,XMetab__1060___e____,XMetab__439155___m____,XMetab__439155___e____,XMetab__439155___c____,XMetab__1110___m____,XMetab__1110___e____,XMetab__1110___c____,XMetab__6031___c____
-5.179392401902457,1.7705431046592077,1.7705431046592077,1.7705431046592077,-2.811596139517962,1.7398770711420513,1.7398770711420513,1.7398770711420513,-1.951282176862026,3.168041498037366,3.168041498037366,3.168041498037366,-3.142752948743748,-3.142752948743748,-3.142752948743748,-1.9535390072055399,-1.9535390072055399,3.9958284817508116,3.9958284817508116,3.9958284817508116,4.8131480533735225,3.781039712961828,3.781039712961828,-5.015844374435531,1.8665373495739344,1.8665373495739344,1.8665373495739344,-3.6071193773818613,1.953632385797879,1.953632385797879,1.953632385797879,1.953632385797879,-2.441415900090928,-2.441415900090928,-2.441415900090928,-5.219310807789687,-5.219310807789687,-5.219310807789687,1.891085364409155
