XMetab__124886___c____,XMetab__6426851___c____,XMetab__190___c____
4.8131480533735225,5.015844374435531,2.1892115696191787
